,Fecha,Tweet_texto,Nombre_cuenta,Hora
0,2023-01-09 09:45:01,"CuÃ¡nto ahorrarÃ­amos en dinero, energÃ­a y contaminaciÃ³n si de verdad se implantara el teletrabajo https://t.co/rlxn2NJsN0",niebla004,9
1,2023-01-09 09:39:04,"ğŸ“£ Hoy se publican las ayudas #SmartIslands para incentivar la energÃ­a sostenible en las islas #Baleares y #Canarias, llevadas a cabo por el #IDAE y con una cuantÃ­a de 175.000.000â‚¬.

ğŸ‘‰ ContÃ¡ctanos para mÃ¡s informaciÃ³n: https://t.co/MuzIMA8YX8 https://t.co/j5WJWJB1u6",EvolutionH2020,9
2,2023-01-09 09:26:14,"HidrÃ³xeno barato e sostible gracias Ã¡ enerxÃ­a solar
HidrÃ³geno barato y sostenible gracias a la energÃ­a solar
https://t.co/7bdNOUAXVR",FSotavento,9
3,2023-01-09 09:15:12,VÃDEO | HidrÃ³geno barato y sostenible gracias a la energÃ­a solar https://t.co/DPFHG2FxyR,Per_Energia,9
4,2023-01-09 09:02:56,"Ya estamos de vuelta, con mucha energÃ­a y nuevos proyectos. Â¿Te sumas?
Â¡Por un 2023 mÃ¡s inclusivo y sostenible!
#UActivacontralaVG
#voluntariadoVG https://t.co/4hze6mOYx3",VriirsUa,9
5,2023-01-09 09:00:31,"SOSTENIBLE: En su carrera por las #baterÃ­aselÃ©ctricas sostenibles, la industria tiene una nueva esperanza: madera. https://t.co/L9b1y18S3B",MetricaConsult,9
6,2023-01-09 08:57:13,"HidrÃ³geno barato y sostenible gracias a la energÃ­a solar, via @Per_Energia : https://t.co/6OMkBAUeDN",AEGranada,8
7,2023-01-09 08:30:12,VÃDEO | HidrÃ³geno barato y sostenible gracias a la energÃ­a solar https://t.co/RLnwYZx4FN https://t.co/TIzcsSCFlj,Per_Energia,8
8,2023-01-09 08:27:11,"CuÃ¡nto ahorrarÃ­amos en dinero, energÃ­a y contaminaciÃ³n si de verdad se implantara el teletrabajo https://t.co/GUNmdVL5gT por  @dariopes",ConsumoClaro,8
9,2023-01-09 08:00:00,Que tu reto aporte energÃ­a sostenible para este mundo - Revista PsicologÃ­a PrÃ¡ctica NÂº 205 https://t.co/yZGrSMeUI2 https://t.co/0jSr3uPdTN,Maryam_Varela,8
10,2023-01-09 07:59:48,"CuÃ¡nto ahorrarÃ­amos en dinero, energÃ­a y contaminaciÃ³n si de verdad se implantara el teletrabajo https://t.co/eI8w2JfO1h a travÃ©s de @consumoclaro",uniformado1,7
11,2023-01-09 07:56:01,"No podemos estar mÃ¡s de acuerdo con @EdRojasBr 
#biomasa = energÃ­a renovable universal y sostenible, democrÃ¡tica y dinamizadora del medio rural
#gsf #agrobiomasa #subproductos #economia_circular #bioeconomia #empleo #espana_vaciada #despoblacion https://t.co/B7CuGLz672",AVEBIOM,7
12,2023-01-09 06:50:43,"@TRUMPFinc  logra que la #fabricacion de chapa metÃ¡lica sea mÃ¡s sencilla, productiva y sostenible:
lanzÃ³ en @EuroBLECH_en  nuevas tecnologÃ­as para reducir el consumo de energÃ­a y materiales https://t.co/RT6EFvTyru https://t.co/yZzoeIrM0I",izarotech,6
13,2023-01-09 06:50:43,"@TRUMPFinc  logra que la #fabricacion de chapa metÃ¡lica sea mÃ¡s sencilla, productiva y sostenible:
lanzÃ³ en @EuroBLECH_en  nuevas tecnologÃ­as para reducir el consumo de energÃ­a y materiales https://t.co/RT6EFvTyru https://t.co/yZzoeIrM0I",izarotech,6
14,2023-01-09 05:30:33,"CuÃ¡nto ahorrarÃ­amos en dinero, energÃ­a y contaminaciÃ³n si de verdad se implantara el teletrabajo https://t.co/fmU847wjX2",infoteletrabajo,5
15,2023-01-09 02:41:08,"@titadelaparra No sÃ³lo es el tema de la naturaleza, sino las oportunidades que brinda el cambio de paradigma.

Por ejem., movilidad sostenible no solo es sin emisiones, sino una segura, accesible, asequible  inclusiva, justa y resiliente.

El texto lo ejemplifica en el tema de energÃ­a renovabl",ppsalazar2,2
16,2023-01-09 02:15:32,#discoduro ğŸ”˜ La vida sostenible sube de nivel en los nuevos electrodomÃ©sticos #CES2023 #EnergÃ­a #Hogar #Lanzamiento Dale â™¥ï¸ abre el link Sigue leyendo... https://t.co/47M7DP6UPT Dale â™¥ï¸ abre el link,discoduro,2
17,2023-01-08 21:45:00,"#EstaSemanağŸ§| En una gira por EE.UU., las organizaciones visitaron distintas ciudades y entidades lÃ­deres en la respuesta a desafÃ­os ambientales relacionados con gestiÃ³n de sistemas dulceacuÃ­colas, energÃ­a y la resiliencia ambiental al cambio climÃ¡tico https://t.co/oWjj9B2VgP https://t.co/yiUK20Hr9f",CodeXverde,21
18,2023-01-08 20:57:00,"El 2023 empieza con deberes climÃ¡ticos. 
Para cumplir con los objetivos, el despliegue de las renovables deberÃ­a ser el doble de rÃ¡pido y el consumo de energÃ­a deberÃ­a reducirse sustancialmente
https://t.co/MIDR6xSlOF",helenaancos,20
19,2023-01-08 20:01:10,"Bio-Agro-EnergÃ©tico, proyecto que apuesta por uso mÃºltiple del suelo en el Caribe colombiano ğŸ‘‰ https://t.co/oa4pvhOxft
Aprovechamiento responsable de las ventajas comparativas y competitivas en la producciÃ³n de energÃ­a fotovoltaica limpia y sostenible",UNdeLaPaz,20
20,2023-01-08 20:01:10,"Bio-Agro-EnergÃ©tico, proyecto que apuesta por uso mÃºltiple del suelo en el Caribe colombiano ğŸ‘‰ https://t.co/oa4pvhOxft
Aprovechamiento responsable de las ventajas comparativas y competitivas en la producciÃ³n de energÃ­a fotovoltaica limpia y sostenible",UNdeLaPaz,20
21,2023-01-08 19:20:43,"CÃ³mo elegir bien las ventanas para que aÃ­slen mejor del frÃ­o y conserven el calor

HOGAR SOSTENIBLE https://t.co/5iQEU7aWSM",ecofeminista3,19
22,2023-01-08 17:03:39,"que veamos el desarrollo de nuevas tecnologÃ­as y avances en la inteligencia artificial y la energÃ­a sostenible. TambiÃ©n es posible que la sociedad evolucione de diferentes maneras, como cambios en la forma en que trabajaron y nos relacionamos con los demÃ¡s. Por supuesto,",Francis68754195,17
23,2023-01-08 16:28:13,"asÃ­ como Materiales de tierras raras (ayudan a la energÃ­a sostenible, asÃ­ como temas militares),entonces por tu conocimientos como valorÃ­as los siguientes mercados y como podrÃ­amos movernos por ellos, que podrÃ­as recomendar?? abierto al resto de twitteros a crear un foro de ello",CryptoLinceLynx,16
24,2023-01-08 15:21:41,"@jorpow @salvadan A la gente sostenible sin intereses en la industria energetica nos gustarÃ­a q dejÃ¡rais de hacer negocio con la ocupaciÃ³n del suelo, la instalaciÃ³n de agresivas lÃ­neas de molinos en las crestas, la tala de arbolado y el uso de agua para energÃ­a. CuÃ¡ndo calculas q serÃ¡ posible?",Giancarline,15
25,2023-01-08 15:13:29,Â¿SabÃ­as que los edificios consumen mÃ¡s del 40% de la energÃ­a global y emiten el 39% de las emisiones de gases de efecto invernadero? Es hora de adoptar prÃ¡cticas de urbanismo sostenible para reducir nuestro impacto ambiental #urbanismosostenible #sostenibilidad https://t.co/HIBpnAYkGg,OlivePartners,15
26,2023-01-08 12:47:07,"El 2023 empieza con deberes climÃ¡ticos
 https://t.co/fSjTlQaGwt",ClaraNavio,12
27,2023-01-08 12:36:31,â–·Placas solares Repsol: la soluciÃ³n ideal para energÃ­a sostenible en el hogar - ğŸŒMPSFğŸŒ https://t.co/WWmiCr9F42,MCientifico,12
28,2023-01-08 12:10:48,"@budino_antonio Las estupideces de la energÃ­a ""limpia y sostenible "" y que nadie,  (por que no les interesa), se ha preocupado de averiguar,  la cantidad de aves, que  asesinan Ã©stos aerogeneradores....como se han apuntado al ""carro"" de las ganancias,  todo perfecto....tampoco nadie,  tiene el",jose_frco,12
29,2023-01-08 11:08:23,"@mnvadillo @EmilioGuinazu De manera objetiva, por cuestiones energÃ©ticas, econÃ³micas, ambientales, humanasÂ  y tecnolÃ³gicas sea por fisiÃ³n o fusiÃ³n, la energÃ­a nuclear representa el futuro global para garantizar el desarrollo sostenible.",mendocinoybasta,11
30,2023-01-08 10:53:38,"Para cumplir con los objetivos del Pacto Verde europeo, el despliegue de las #renovables deberÃ­a ser el doble de rÃ¡pido y el consumo de energÃ­a deberÃ­a reducirse sustancialmente.
#CambioClimatico #greendeal
https://t.co/qGYFdrkweE",SosteniblesOrg,10
31,2023-01-08 10:14:09,"El 2023 empieza con deberes climÃ¡ticos.

https://t.co/W6iwPkvZpe
#UAL 
#ecoUALizate 
#SostenibilidadAmbiental 
#desarrollosostenible https://t.co/M7hp0dG5Eq",ecoUALizate,10
32,2023-01-08 10:14:09,"El 2023 empieza con deberes climÃ¡ticos.

https://t.co/W6iwPkvZpe
#UAL 
#ecoUALizate 
#SostenibilidadAmbiental 
#desarrollosostenible https://t.co/M7hp0dG5Eq",ecoUALizate,10
33,2023-01-08 06:11:18,Bicicletas de Ikea con energÃ­a solar: la nueva iniciativa sostenible - https://t.co/KFth0ZO9GK https://t.co/eQMETbDaPK,gizlogic,6
34,2023-01-08 03:15:32,#altadensidad ğŸ”˜ La vida sostenible sube de nivel en los nuevos electrodomÃ©sticos #CES2023 #EnergÃ­a #Hogar #Lanzamiento Dale â™¥ï¸ abre el link Sigue leyendo... https://t.co/F9lVbJS2Jw Dale â™¥ï¸ abre el link,discoduro,3
35,2023-01-08 02:28:52,"Top story: HidrÃ³geno barato y sostenible mediante energÃ­a solar https://t.co/PtWCUhpGtW, see more https://t.co/GOYlxlUN8A",PatriciaIndias,2
36,2023-01-08 00:37:09,Alicante lidera con su Plan de EnergÃ­a Sostenible el cambio del alumbrado por tecnologÃ­a led y paneles solares - https://t.co/YhUICHskaI https://t.co/T4p6e6kN9O,Onda15Radio,0
37,2023-01-08 00:32:55,Alicante lidera con su Plan de EnergÃ­a Sostenible el cambio del alumbrado por tecnologÃ­a led y paneles solares https://t.co/ej9B4kGXy2,EsradioA,0
38,2023-01-08 00:03:16,".. el desarrollo sostenible de zonas de frontera.

ğŸ”¸Revisar proyectos binacionales de Colombia-Venezuela en materia de proyectos de infraestructura para conectividad, energÃ­a y producciÃ³n y procesamiento de alimentos..

ğŸ”¸Se crearÃ¡ una comisiÃ³n tÃ©cnica..

#VenezuelaPrÃ³spera 
8/9 https://t.co/lUAA01xEuQ",JEy_Pz,0
39,2023-01-07 23:05:08,"Internet de la EnergÃ­a, la tecnologÃ­a para un mundo descarbonizado con un sistema energÃ©tico sostenible y eficiente https://t.co/JI6eiBNnw3",Smart_Industry_,23
40,2023-01-07 22:19:13,"Un nuevo panel solar, desarrollado en la Universidad de Michigan, logra una eficiencia del 9% en la conversiÃ³n de agua en hidrÃ³geno y oxÃ­geno, imitando un paso crucial en la fotosÃ­ntesis https://t.co/iTtpmRMqin",europapress,22
41,2023-01-07 22:19:13,"Un nuevo panel solar, desarrollado en la Universidad de Michigan, logra una eficiencia del 9% en la conversiÃ³n de agua en hidrÃ³geno y oxÃ­geno, imitando un paso crucial en la fotosÃ­ntesis https://t.co/iTtpmRMqin",europapress,22
42,2023-01-07 21:11:33,"Con servicios como #SmartThings Energy estableciendo nuevos estÃ¡ndares para la eficiencia del hogar, los Ãºltimos electrodomÃ©sticos #Bespoke de #Samsung permiten que los usuarios ahorren energÃ­a y dinero. @SamsungLatin #SamsungGuatemala

https://t.co/xmMHZVmOz3",estoesnoticioso,21
43,2023-01-07 19:35:04,La energÃ­a sostenible es lo que necesitamos! https://t.co/PaGcDxGRgq,paolaADiaz,19
44,2023-01-07 19:06:01,HidrÃ³geno barato y sostenible mediante energÃ­a solar https://t.co/wUyj8iyUqa https://t.co/fHttR87W63,cienciaplus,19
45,2023-01-07 17:21:42,"ğŸ—£ @VirBarcones:Esta medida incentiva el papel del transporte pÃºblico colectivo para afrontar el escenario actual de altos precios de la energÃ­a, consiguiendo fomentar el cambio a un medio de transporte mÃ¡s seguro, fiable, cÃ³modo, econÃ³mico y sostenible que el vehÃ­culo particular",Salamanca_Gob,17
46,2023-01-07 16:05:09,"Alicante impulsa su Plan de EnergÃ­a SostenibleÂ con la instalaciÃ³n de mÃ¡s de 3.000 paneles solares @alicanteayto
 https://t.co/l5PNlXBAxt",DiarioAlicante_,16
47,2023-01-07 15:44:21,"ğŸšŒ Los viajeros habituales de 1ï¸âƒ£8ï¸âƒ£lÃ­neas de bus de competencia estatal en #CyL viajarÃ¡n gratis en2ï¸âƒ£0ï¸âƒ£2ï¸âƒ£3ï¸âƒ£

ğŸ—£ï¸@VirBarcones:""@desdelamoncloa protege la economÃ­a de las familias ante el aumento del coste de la energÃ­a e impulsa el transporte pÃºblico, mÃ¡s seguro, fiable y sostenibleâ€ https://t.co/hUUC8F0Ewe",DGCyL,15
48,2023-01-07 13:38:30,"@walares_ @_axtone Me he sentido muy bien y con mÃ¡s energÃ­a, el descansar bien ayuda muchÃ­simo, creo que no es sostenible a largo tiempo el andarse desvelando diario, la salud lo resiente y mas por nuestro trabajo que es muy sedentario.",Paulo_Trujillo,13
49,2023-01-07 12:53:39,"2. Algunos ejemplos de recursos renovables incluyen la energÃ­a solar, eÃ³lica y hidrÃ¡ulica, asÃ­ como la madera y el agua. Estos recursos se pueden utilizar de manera sostenible sin agotar sus reservas, siempre y cuando se gestionen adecuadamente.",Skynet_IA_2100,12
50,2023-01-07 12:46:29,#Casabermeja elabore un plan para el desarrollo de comunidades solares. Somos un pueblo de 3600 habitantes. Estudien todas las instalaciones municipales y proporcionen estructuras que permitan ofertar energÃ­a a precios razonables para sus vecinos. Por una #Casabermeja sostenible,_juanmacampos,12
51,2023-01-07 12:06:28,"Cuaderno de QuÃ­mica de Alfonso MartÃ­nez Miguel: HIDRÃ“GENO BARATO Y SOSTENIBLE MEDIANTE ENERGÃA SOLAR
https://t.co/bWn7UtM0Fe https://t.co/IvFJIG5J5h",AlfonsoMtnezMig,12
52,2023-01-07 12:01:49,"Cuaderno de QuÃ­mica de Alfonso MartÃ­nez Miguel: HIDRÃ“GENO BARATO Y SOSTENIBLE MEDIANTE ENERGÃA SOLAR
https://t.co/BAM8rAs0kQ https://t.co/PtiAD2A1TV",_ProfeAlfonso,12
53,2023-01-07 11:56:57,"Cuaderno de QuÃ­mica de Alfonso MartÃ­nez Miguel: HIDRÃ“GENO BARATO Y SOSTENIBLE MEDIANTE ENERGÃA SOLAR
https://t.co/kqI9cNQJpK https://t.co/GQ3m2F2WFd",MaestroAlfonso,11
54,2023-01-07 11:50:04,Cuaderno de QuÃ­mica de Alfonso MartÃ­nez Miguel: HIDRÃ“GENO BARATO Y SOSTENIBLE MEDIANTE ENERGÃA SOLAR https://t.co/60VKxldiyK https://t.co/oGQy6I0dlB,amartinezmiguel,11
55,2023-01-07 11:06:04,"@evahernand @rancio Eva. Usa tu energÃ­a en estudiar sobre el tema. date cuenta de que consumes mucha energÃ­a en tontÃ¡s, y que te genera una ansiedad que destruye tu salud de forma lenta pero mucho mÃ¡s rÃ¡pida que la edad. Educa a tu(s) peque(s) para que estudien y asÃ­ sean felices, no como tÃº.",_Sostenible_,11
56,2023-01-07 11:00:43,"SerÃ¡ una ciudad totalmente sostenible, donde la energÃ­a solar y la impulsada por pila de combustible de hidrÃ³geno tendrÃ¡n gran importancia #WovenCity #Toyota

https://t.co/hZBBeVKGaq.",koldoorrantia,11
57,2023-01-07 09:57:29,@MinEnergia AsÃ­ nos tiene la energÃ­a sostenible y verde dando la lucha para que no instalen sus torres eÃ³licas sobre nuestras casas solo porque las empresas eÃ³licas no quieren invertir en llegar lugares alejados mÃ¡s adecuados que en chile existen de sobra https://t.co/JELzm4fMf1,Edgardohg7,9
58,2023-01-07 09:55:19,"@SOLABRIA Para eso se fichan a polÃ­ticos en las energÃ©ticas , para que no deje de llover el dinero.
Con la de millones de mÂ² de techos y fachadas que harÃ­an sostenible al paÃ­s entero y energÃ­a casi gratis.",SamuelSanLo,9
59,2023-01-07 08:43:34,"#Ciencia | #HidrÃ³geno barato y #sostenible mediante energÃ­a solar
https://t.co/hNLz4M0ZCd",MurciaNoticias,8
60,2023-01-07 08:00:01,"Servicios como SmartThings Energy estableciendo nuevos estÃ¡ndares para la eficiencia del hogar, los Ãºltimos electrodomÃ©sticos Bespoke de Samsung permiten que los usuarios ahorren energÃ­a y dinero https://t.co/aLM3lL8cC1",hispanopost,8
61,2023-01-07 08:00:01,"Servicios como SmartThings Energy estableciendo nuevos estÃ¡ndares para la eficiencia del hogar, los Ãºltimos electrodomÃ©sticos Bespoke de Samsung permiten que los usuarios ahorren energÃ­a y dinero https://t.co/aLM3lL8cC1",hispanopost,8
62,2023-01-07 03:15:34,ğŸ”˜ La vida sostenible sube de nivel en los nuevos electrodomÃ©sticos #CES2023 #EnergÃ­a #Hogar #Lanzamiento Dale â™¥ï¸ abre el link Sigue leyendo... https://t.co/gKQV7C3lTH Dale â™¥ï¸ abre el link https://t.co/fxx3uoiVKn,discoduro,3
63,2023-01-06 21:39:42,"Estamos listos para seguir fortaleciendo los lazos con nuestras comunidades a travÃ©s de proyectos e iniciativas que promuevan el desarrollo sostenible de Antioquia. 

Con aliados importantes seguiremos avanzando llevando la EnergÃ­a que Impulsa Desarrollo y transforma vidas. https://t.co/kYJgnM8ExG",TransmetanoESP,21
64,2023-01-06 21:20:44,"@acidoviejo @juancar11770515 No tengo idea de si hubo ciertos arreglos detrÃ¡s, pero lo de los molinos implicÃ³ un cambio de matriz energÃ©tica que permitiÃ³ cubrir la demanda con una energÃ­a mucho mÃ¡s sostenible.",ojoestenopeico,21
65,2023-01-06 19:43:30,"En esta nota se exploran las oportunidades de la desalinizaciÃ³n del agua de mar y sus contras como la gran demanda energÃ©tica. ğŸŒŠ 
Lee la nota:
https://t.co/6HQQVpdth1 https://t.co/jMEP1KO0YB",aguaorgmx,19
66,2023-01-06 19:35:11,"Como la de sus plantas de tratamiento de aguas residuales y algunas fuentes de energÃ­a renovables. AdemÃ¡s de su estrategia de sostenibilidad â€œTurism for Goodâ€, que tiene la ambiciÃ³n de garantizar que el turismo tenga un impacto positivo en el desarrollo sostenible local y global. https://t.co/1roamPDv9a",SSTourismSummit,19
67,2023-01-06 19:02:52,"Esta startup social puede transformar agua de lluvia, de mar o jabonosa en potable. AdemÃ¡s, le ha quitado la sed a mÃ¡s de 20,000 familias en MÃ©xico, Chile, Nepal, India y Tailandia. Te explicamos cÃ³mo funciona su modelo de negocio sostenible.

https://t.co/VRmMO3aECO",wiredenespanol,19
68,2023-01-06 18:17:45,"LA ENERGÃA SOLAR â˜€ï¸ES EL FUTURO!
La energÃ­a solar es una forma eficaz de crear un mundo ğŸŒ mÃ¡s sostenible al no producir poluciÃ³n tÃ©rmica ni emisiones de CO2. Te hacemos un presupuesto para paneles solares en tu casa o local comercial. 
https://t.co/YpnQfwGFC2 

RT ğŸ˜‰ https://t.co/gAGhbUoVsh",CarolCalancha,18
69,2023-01-06 18:16:03,ğŸ”˜   La vida sostenible sube de nivel en los nuevos electrodomÃ©sticos #CES2023 https://t.co/iFXIRkNk6x #EnergÃ­a #Hogar #Lanzamiento Dale â™¥ï¸ abre el link Comparte con RT :-),discoduro,18
70,2023-01-06 18:03:03,"TecnologÃ­as de la InformaciÃ³n y las Comunicaciones pero pronto iniciarÃ© la de negocios internacionales, lo que no sÃ© si serÃ¡ en Oxford. 
Â¿Si fuera por un motivo secreto, serÃ­a vÃ¡lido decirlo? Es broma, no hay motivos secretos. Mi familia es pionera de la energÃ­a sostenible",sangrientofinal,18
71,2023-01-06 18:03:03,"TecnologÃ­as de la InformaciÃ³n y las Comunicaciones pero pronto iniciarÃ© la de negocios internacionales, lo que no sÃ© si serÃ¡ en Oxford. 
Â¿Si fuera por un motivo secreto, serÃ­a vÃ¡lido decirlo? Es broma, no hay motivos secretos. Mi familia es pionera de la energÃ­a sostenible",sangrientofinal,18
72,2023-01-06 17:27:33,"""Juntes podemos combatir el cambio climÃ¡tico y crear un futuro mÃ¡s sostenible para todxs. Â¡Empecemos por promover la transiciÃ³n a fuentes de energÃ­a limpia como la solar, eÃ³lica y hidrÃ¡ulica! #energÃ­alimpia #sostenibilidad #cambioclimÃ¡tico #lenguajeinclusivo""",hombona,17
73,2023-01-06 16:00:44,"Garantizar el acceso universal a energÃ­a asequible, confiable, sostenible y moderna implica recurrir con rapidez a fuentes de energÃ­a renovable para conseguir electricidad, calefacciÃ³n y transporte. https://t.co/zCsX5IVKPo https://t.co/givjevBBMd",La_network,16
74,2023-01-06 15:51:50,"@mcleon_org ""A pastar por ahÃ­"" los caballos en Muras, una actividad ganadera en extensivo sostenible y compatible con la energÃ­a eÃ³lica que se lleva a cabo en las sierras de O Xistal y A Capelada desde hace dÃ©cadas ğŸ‘Œ https://t.co/TlIUwkrSpN",Bonmatweet,15
75,2023-01-06 15:15:11,"Los invitamos a leer la columna ""Tikun Olam"", escrita por @nzuleta.
""En #Israel ğŸ‡®ğŸ‡± los valores son el motor de la energÃ­a creativa que permite que se generen ideas de negocio transformadoras en el Ã¡mbito sostenible"".

ğŸ‘‰ https://t.co/bTrR4ovYO3 https://t.co/LsMIQ5TKMr",IsraelinCol,15
76,2023-01-06 15:15:11,"Los invitamos a leer la columna ""Tikun Olam"", escrita por @nzuleta.
""En #Israel ğŸ‡®ğŸ‡± los valores son el motor de la energÃ­a creativa que permite que se generen ideas de negocio transformadoras en el Ã¡mbito sostenible"".

ğŸ‘‰ https://t.co/bTrR4ovYO3 https://t.co/LsMIQ5TKMr",IsraelinCol,15
77,2023-01-06 15:08:53,"La economÃ­a circular en el 2022, unas de cal y otras de arena: 1) la energÃ­a alternativa evoluciona y es mÃ¡s sostenible en el tiempo 2) el greenwash pasa a ser greencrowding 3) la reventa y la reparaciÃ³n avanzan en las confecciones y en la tecnologÃ­a. https://t.co/IYHwYyQUxx",JuCArbeL,15
78,2023-01-06 15:00:03,"#Acer presenta #eKinektBD3 para potenciar estilos de vida sostenibles y saludables. #eKinektBikeDesk3 permite hacer ejercicio mientras trabajas y utilizar la energÃ­a del pedaleo para el equipo, o para recargar dispositivos https://t.co/dD6ZMZN2AU @ES_Acer #tecnologÃ­a #novedades https://t.co/jfQ9Z43cCS",rinconfriki_es,15
79,2023-01-06 14:52:56,Solo les querÃ­a compartir lo que veo en 1a. persona con nostalgia mientras los leo y viajo en el bus. Toda esa nieve se convertirÃ¡ en energÃ­a sostenible aquÃ­ en ğŸ‡³ğŸ‡´. https://t.co/8wpvuWaalZ,Adolf_balaguer,14
80,2023-01-06 14:09:23,HidrÃ³geno barato y sostenible mediante energÃ­a solar https://t.co/qegw3cqzit vÃ­a @cienciaplus,ERomanat,14
81,2023-01-06 13:19:26,"@petrogustavo presidente, la gran oportunidad para salvar la Guajira tal vez sea con energÃ­a sostenible....fabricando baterÃ­as de sodio, baratas, con gran capacidad de almacenamiento y ambientales.",javiervillav,13
82,2023-01-06 12:35:16,Â¿SabÃ­as que el calzado tambiÃ©n puede convertirse en una fuente de energÃ­a limpia y sostenible? Estamos muy cerca de generar energÃ­a renovable a partir de prendas que ya no utilizamos. ğŸŒ²ğŸƒğŸŒğŸ”‹â™»ï¸ #CCUOCslowfashion https://t.co/bmYOeYxlmE,mcglesp,12
83,2023-01-06 12:30:18,"Estos edificios son puro futuro: se han hecho con materiales sostenibles, ahorran energÃ­a (incluso la producen) y aprovechan al mÃ¡ximo la presencia de las plantas.  DiseÃ±o sostenible: 20 novedades en muebles y arquitect...  https://t.co/lBKVKCl622",Nuevo_Estilo,12
84,2023-01-06 12:00:49,"Tanto pasivos remunerados como deuda indexada serÃ¡n EL TEMA al iniciarse el prÃ³ximo gobierno. LicuaciÃ³n + reestructuraciÃ³n + TC Ãºnico si se quiere arrancar de manera sostenible el plan macro. E inmediatamente estabilizado, eliminaciÃ³n del 100% de subsidios a la energÃ­a. https://t.co/9tiAeC90sm",carlosfame77,12
85,2023-01-06 11:28:27,"Tallin, Capital Verde Europea para 2023
Su compromiso ecolÃ³gico con la energÃ­a sostenible y sus cuidadas zonas verdes la han hecho merecedora de este galardÃ³n por parte de la ComisiÃ³n Europea
#Tallin #Estonia @visitestonia
https://t.co/yRY8yz5ynN https://t.co/oW8F2w3mZK",MeetinNews,11
86,2023-01-06 11:00:32,"ğŸ“¢@GanarTeruel @iu_teruel se suma a las movilizaciones convocadas por @paisajes_teruel hoy sÃ¡bado y se unen al clamor que pide un impulso ordenado de la energÃ­a renovable y otro modelo energÃ©tico mÃ¡s democrÃ¡tico, transparente y sostenible.

https://t.co/ozOJ6wNoYr",iu_aragon,11
87,2023-01-06 06:25:35,"Buenos dÃ­as.

Como me portÃ© bien el aÃ±o pasado, los Reyes Magos me han traido una mÃ¡quina que refresca el agua, no consume energÃ­a, es ecolÃ³gica, sostenible y apta para diestros y zurdos. https://t.co/m2f3iNeByu",TorrontisV,6
88,2023-01-06 04:07:53,"mi siguiente carrera, creo que he forzado demasiado ya esa beca.  Es una compaÃ±Ã­a que se dedica a proveer energÃ­a, literalmente trabajamos en proyectos de energÃ­a eÃ³lica, mÃ¡s sostenible y tambiÃ©n en el desarrollo de los paneles solares para empresas grandes, entre otras",sangrientofinal,4
89,2023-01-06 01:20:10,HidrÃ³geno barato y sostenible mediante energÃ­a solar - Grupo R Multimedio https://t.co/8AVHeiF89b https://t.co/rRosNKHbj3,diariolaruy,1
90,2023-01-06 00:01:06,"ğŸª« Ahorra energÃ­a: apaga las luces y los aparatos electrÃ³nicos cuando no los estÃ©s usando, utiliza bombillas LED y aprovecha la luz natural.

Â¡Esperamos que estas ideas te inspiren a empezar a caminar pasos sostenibles !

Â¿tienes alguna meta sostenible para este 2023? https://t.co/ylKkGwygTp",sommosmx,0
91,2023-01-06 00:00:52,"Samsung lleva la vida sostenible al siguiente nivel en CES 2023Las nuevas innovaciones presentadas por Samsung en el Consumer Electronics Show 2023 ofrecen mÃ¡s formas para que los consumidores ahorren energÃ­a y reduzcan los costos y su impacto en el

https://t.co/Zb5HOrvY86 https://t.co/otuEcBxHpT",henryramirezf,0
92,2023-01-06 00:00:52,"Samsung lleva la vida sostenible al siguiente nivel en CES 2023Las nuevas innovaciones presentadas por Samsung en el Consumer Electronics Show 2023 ofrecen mÃ¡s formas para que los consumidores ahorren energÃ­a y reduzcan los costos y su impacto en el

https://t.co/Zb5HOrvY86 https://t.co/otuEcBxHpT",henryramirezf,0
93,2023-01-06 00:00:03,"Internet de la EnergÃ­a, la tecnologÃ­a para un mundo descarbonizado con un sistema energÃ©tico sostenible y eficiente https://t.co/jy167vcvzM",Generacion_IoT,0
94,2023-01-05 22:53:05,"Y al final de esto trata mucho, de que #CÃ¡ceres va muy bien, y pronto lo irÃ¡ aun mejor.

Porque los grandes proyectos se alinearÃ¡n con nuestras fortalezas tradicionales en un crecimiento en torno a industria verde (energia y IT), sin olvidar un turismo sostenible.

#CÃ¡ceresAvanza",jorgevillar,22
95,2023-01-05 21:20:11,"Este edificio es el mÃ¡s grande en la historia de #Boston 100% libre de combustibles fÃ³siles. #ConÃ³celo ğŸ‘‡
#Arquitectura

https://t.co/VI1WCrcMmG https://t.co/hfkuUKPIR1",RealEstateEarth,21
96,2023-01-05 19:03:10,"Aunque estÃ© nublado o lloviendo ğŸŒ¦ï¸ una instalaciÃ³n solar fotovoltaica es capaz de captar la energÃ­a del sol a travÃ©s de la radiaciÃ³n que Ã©ste produce, para garantizarte energÃ­a limpia, sostenible y asequible todo el aÃ±o ğŸ“…. https://t.co/0Nse2k8dQa https://t.co/PANSYjvwjo",CarvisaE,19
97,2023-01-05 18:26:13,"Les invito a leer el blog de @ArielYepezG donde comparte elementos claves para comprender la importancia de planificar y diseÃ±ar proyectos de infraestructura ambientalmente sostenible y con resiliencia ante los efectos del #CambioClimÃ¡tico. 

@el_BID 

https://t.co/kcsLSjw9c0",julia_johannsen,18
98,2023-01-05 17:34:43,"â€¼ï¸Enhorabuena. Ya llegaron los Reyes Magos a la Zona Franca de Sevilla @SevillaZF . 
â¬‡ï¸ Con muchÃ­sima ilusiÃ³n y mucha energÃ­a -muy sostenible y saludable- en sus reales manos:

Gaspar: energÃ­a H2verde. 
Baltasar: energÃ­a eÃ³lica
Melchor: energÃ­a solar. 

ğŸ—ï¸ https://t.co/M97iSoLuOo https://t.co/AQ3hzrt0BJ",SevillaZF,17
99,2023-01-05 17:13:33,CientÃ­ficos logran hidrÃ³geno barato y sostenible de la energÃ­a solar - Prensa Latina - https://t.co/Xew19g1Aer #GoogleAlerts,AmonraTech,17
100,2023-01-05 16:20:23,@JonMendezIz Esto es como cuando Iberdrola te dice que la energÃ­a que llega a tu casa es verde porque tienes una tarifa especial para la gente que contrata la energÃ­a sostenible mientras los de las otras tarifas reciben energÃ­a contaminante.,sabadellito,16
101,2023-01-05 15:36:26,AlcaldÃ­a de El Seibo inaugura esta tarde Parque con energÃ­aÂ sostenible https://t.co/hnSJm6Qkal,eltiempoDO,15
102,2023-01-05 15:36:26,AlcaldÃ­a de El Seibo inaugura esta tarde Parque con energÃ­aÂ sostenible https://t.co/hnSJm6Qkal,eltiempoDO,15
103,2023-01-05 15:27:51,"La energÃ­a solar es un recurso inagotable y renovable. Entre sus puntos fuertes estÃ¡ la autoproducciÃ³n, la conservaciÃ³n del medio ambiente y el gran ahorro que se consigue gracias a ella.

#energÃ­a #fotovoltaica #sostenible https://t.co/ys0zK7iIlR",EcoSoleo,15
104,2023-01-05 14:29:50,"Europa Press (04/01/2023): HidrÃ³geno barato y sostenible mediante energÃ­a solar.
https://t.co/n7VtzcwYwR",vctor92305336,14
105,2023-01-05 14:07:18,"Â¡Comenzamos el aÃ±o con energÃ­a! ğŸ’ªğŸ˜

ğŸŒğŸƒ En Statkraft queremos un futuro sostenible para todos, por lo que hemos trazado nuestros objetivos para cumplir con los Objetivos de Desarrollo Sostenible (#ODS).

Puedes conocer mÃ¡s de nuestro enfoque aquÃ­ ğŸ“‹ğŸ‘‡
https://t.co/BH0vymFJ7b https://t.co/pzYmmJi15n",StatkraftChile,14
106,2023-01-05 13:14:23,"Â¿Te gustarÃ­a conocer mÃ¡s sobre desarrollo sostenible? 
 
Â¡Esta capacitaciÃ³n de Globo ComÃºn es para ti!
Estudia en lÃ­nea y aprende sobre: 
 
âœ… TecnologÃ­a
âœ… EnergÃ­a renovable
âœ… PolÃ­tica. 
 
Aplica a una beca en ğŸ‘‰ https://t.co/3ym8lyUsP9
 
#GloboComÃºnEsSenescyt https://t.co/H07lvGO9Ts",EduSuperiorEc,13
107,2023-01-05 13:03:26,Mantener una temperatura ideal y el #confort de tu hogar mejorando tu consumo de #energÃ­a este invierno Â¡es posible! Te damos algunas recomendaciones que te permitirÃ¡n tener una calefacciÃ³n mÃ¡s #eficiente y #sostenible. DescÃºbrelo en el #BlogEcolÃ³gicoğŸŒ± https://t.co/d7KTO4mWu3 https://t.co/k7QMLShWbC,Vaillant_es,13
108,2023-01-05 12:44:09,"Â¡Nuestra amplia red de gasoductos recorre una gran parte de Colombia!

Nuestro compromiso es seguir conectando regiones con un sistema de gas limpio y sostenible.
@NaturgasCol @GrupoEnergiaBog @Andesco1 
#Energia #BeneficiosGas #GasNatural #sostenibilidad #TransportedeGas https://t.co/jZZFsxfx0h",TGISAESP,12
109,2023-01-05 12:31:42,@jluispradom @alexwolfx2 @harryelsocio El coste del H2 serÃ¡ elevado. Su producciÃ³n eficiente y sostenible dependerÃ¡ en gran medida de las energÃ­as renovables que lo puedan producir. Su transporte serÃ¡ un desafÃ­o (habrÃ¡ mucha pÃ©rdida por calor). AÃºn con todo es la energÃ­a por la que hay que apostar a corto/medio plazo,EApostillador,12
110,2023-01-05 11:39:00,"ğŸŸ¢ Objetivo de Desarrollo Sostenible 7: EnergÃ­a asequible y no contaminante

Es importante contar con mÃ¡s coches elÃ©ctricos, ya que tienen una contaminaciÃ³n menor.
La autopista AP-46 apuesta por los ODS y gracias a viajar con ella estarÃ¡s colaborando para un futuro mejor. https://t.co/4j1pSoYrai",Ap46lasPedrizas,11
111,2023-01-05 11:38:14,"ğŸŒConectamos innovaciÃ³n y sostenibilidad y llevamos la vida sostenible al siguiente nivel con SmartThings

ğŸ‘‰SmartThings Energy. Ahorra energÃ­a, reduce tu consumo de electricidad y la factura de luz.
ğŸ‘‰SmartThings Station. El control del hogar conectado. https://t.co/2ID6gEaYlq",SamsungEspana,11
112,2023-01-05 11:30:12,@teka_ESP  y sus consejos para cocinar de forma sostenible y ahorrando energÃ­a https://t.co/v0FmezhjdB,luispereira01,11
113,2023-01-05 11:28:25,@riverolavic @Eva05659093 La energÃ­a necesaria para el funcionamiento de los caÃ±ones no es sostenible. Si el futuro nos depara menos nieve es insostenible.,ana_encinoso,11
114,2023-01-05 11:23:48,"#AndalucÃ­a ya produce mÃ¡s del 54% de energÃ­a elÃ©ctrica con fuentes #renovables.

La regiÃ³n generÃ³ en 2021 un 14,3% mÃ¡s de electricidad mediante generaciÃ³n sostenible en comparaciÃ³n con el aÃ±o anterior, hasta los 17.172,7 GWh.

https://t.co/zDAc9IxYW2

@EnergiaAnd https://t.co/Ms2ZnL2fss",industriambient,11
115,2023-01-05 10:01:32,"Â¿Conoces los Planes de AcciÃ³n para el Clima y la EnergÃ­a Sostenible (PACES)? ğŸŒ³ğŸ”‹
Son importantes porque conllevan una planificaciÃ³n estratÃ©gica para reducir emisiones y adaptarse al cambio climÃ¡tico. Esto trae muchos beneficios. Si te interesa para tu municipio, consÃºltanos. https://t.co/sninkYoYc5",EuroVertiC,10
116,2023-01-05 10:01:32,"Â¿Conoces los Planes de AcciÃ³n para el Clima y la EnergÃ­a Sostenible (PACES)? ğŸŒ³ğŸ”‹
Son importantes porque conllevan una planificaciÃ³n estratÃ©gica para reducir emisiones y adaptarse al cambio climÃ¡tico. Esto trae muchos beneficios. Si te interesa para tu municipio, consÃºltanos. https://t.co/sninkYoYc5",EuroVertiC,10
117,2023-01-05 09:42:17,"Â¡Bienvenido, 2023! ğŸ‘‹

Este aÃ±o seguiremos impulsando la #energÃ­a del â˜€ para:

ğŸ‘‰ Conseguir un futuro energÃ©tico #sostenible.

ğŸ‘‰ La descarbonizaciÃ³n de nuevos sectores empresariales e industriales.

ğŸ‘‰ El compromiso con la lucha contra el cambio climÃ¡tico e impulso de los #ODS. https://t.co/M96JNpux2e",ISE_Ingenia,9
118,2023-01-05 09:41:40,"@SiberetSiberet No compro agenda 2030, eat the bug, ni great reset de escoria globalista.
La humanidad es sostenible si se prohibe la obsolescencia programada, usando hidrolÃ³ponicos verticales y utilizando energÃ­a nuclear que ya es segura.
El que quiera bajar la demografÃ­a que no tenga hijos",ElZampaHeces,9
119,2023-01-05 09:33:46,HidrÃ³geno barato y sostenible mediante energÃ­a solar https://t.co/pryjiEIdgt via @cienciaplus,expersat,9
120,2023-01-05 09:20:24,HidrÃ³geno barato y sostenible mediante energÃ­a solar https://t.co/XQtfjR7uz5 a travÃ©s de @cienciaplus,JediMaestroluke,9
121,2023-01-05 08:26:58,"Un nuevo panel solar logra una eficiencia del 9% en la conversiÃ³n de agua en hidrÃ³geno y oxÃ­geno, imitando un paso crucial en la fotosÃ­ntesis. Descubre + en la Sala Universo.

Fuente: @europapress

https://t.co/74W6ufrDe5",CosmoCaixa,8
122,2023-01-05 08:03:02,@sevillajordi Tenemos que asumir que si en un territorio no hay agua de forma natural o se cultiva productos de secano o se usa agua desalada y ese coste se suma al precio final. Subvencionar mucho ese agua ayuda a sostener lo que no deberÃ­a ser sostenible (el agua desalada consume energÃ­a),SoyRodrigc,8
123,2023-01-05 03:54:10,"La nueva pelÃ­cula de #Avatar, renderizada con chips @AMD

Pasemos a la palabra de moda favorita de todos: informÃ¡tica sostenible. Es realmente importante, sobre todo teniendo en cuenta la cantidad de energÃ­a elÃ©ctrica que consumen los centros de datos en la actualidad. #CES2023 https://t.co/rqhfZENsKR",revolutegplus,3
124,2023-01-05 01:13:36,"Goodall, de formaciÃ³n biÃ³loga (etologÃ­a), tiene razÃ³n. Exagera, pero no demasiado. Los derechistas creen que el nivel de  poblaciÃ³n actual o futuro cercano (10-11 mil millones) es fÃ¡cilmente sostenible. Olvidan datos como el consumo per capita de energÃ­a y materias procesadas https://t.co/OJsh4XoOoP",pablodb1,1
125,2023-01-05 01:04:22,"Un nuevo panel solar, desarrollado en la Universidad de Michigan, ha logrado una eficiencia del 9% en la conversiÃ³n de agua en hidrÃ³geno y oxÃ­geno, imitando un paso crucial en la fotosÃ­ntesis.
Publimetro PerÃº ğŸ‡µğŸ‡ª
#energiasolar #hiâ€¦https://t.co/uUaCE6Z7St https://t.co/dXV8EvNx8p",vodelgadom,1
126,2023-01-05 00:51:08,"@IreneVelezT @ECOPETROL_SA Bueno...bueno...buenooo...No levante cortinas de humo con publicaciones etÃ©reas...Haga pÃºblica cual es su hoja de ruta como ministra de minas y energÃ­a, para buscar el desarrollo sostenible de Colombia en materia energÃ©tica. El resto es un discursivo pobre y lacÃ³nico. Realidades.",franzkafka202,0
127,2023-01-05 00:46:40,HidrÃ³geno barato y sostenible mediante energÃ­a solar https://t.co/tUdZi9GJxn,notimerica,0
128,2023-01-04 22:16:02,HidrÃ³geno barato y sostenible mediante energÃ­a solar https://t.co/AniPAvsZ4w a travÃ©s de @cienciaplus,aethcolombia,22
129,2023-01-04 22:01:33,Teka y sus consejos para cocinar de forma sostenible y ahorrando energÃ­a https://t.co/ddeyINj7u2,revistaelectro,22
130,2023-01-04 21:41:20,CientÃ­ficos logran hidrÃ³geno barato y sostenible de la energÃ­aÂ solar https://t.co/5Rw0GmlxFY,elpaiscr,21
131,2023-01-04 21:18:52,@adefesioso @J_GUISBERT @axlrose2110 @Black_29 @DiegoCortazar98 Mi estimado adefesio. Bolivia no tiene gran minerÃ­a ni explotaciÃ³n de gas sostenible porque ninguna empresa minera o de energÃ­a serÃ­a quiere invertir allÃ¡. El motivo falta de garantÃ­as para la inversiÃ³n. Bastante va a pasar que Bolivia invierta dinero en el sur. Bastante,jorgerodpac,21
132,2023-01-04 20:28:00,#Cuba CientÃ­ficos logran hidrÃ³geno barato y sostenible de la energÃ­a solar  #DeZurdaTeam #JuntarYVencer https://t.co/w16KHOaZcG,JorgeCruzcc4,20
133,2023-01-04 19:48:12,"Washington,  CientÃ­ficos estadounidenses desarrollaron un panel solar que permite lograr una eficiencia del nueve por ciento en la conversiÃ³n del agua en hidrÃ³geno y oxÃ­geno, tras imitar un paso crucial en la fotosÃ­ntesis, publicÃ³ hoy la revista Nature. https://t.co/yidu4vgywx",PLVenezuela,19
134,2023-01-04 19:30:38,La CompaÃ±Ã­a de Electricidad de BayahÃ­be pone en valor el impacto positivo que la energÃ­a limpia proporcionarÃ¡ a Isla Saona como primer paso para contribuir a un desarrollo mÃ¡s sostenible en esta Ã¡rea clave para el medioambiente.- https://t.co/qRlIJMRz7F,quintopoderio,19
135,2023-01-04 19:30:38,La CompaÃ±Ã­a de Electricidad de BayahÃ­be pone en valor el impacto positivo que la energÃ­a limpia proporcionarÃ¡ a Isla Saona como primer paso para contribuir a un desarrollo mÃ¡s sostenible en esta Ã¡rea clave para el medioambiente.- https://t.co/qRlIJMRz7F,quintopoderio,19
136,2023-01-04 19:23:43,"Chamada hoxe:
-Hola, le llamo del Departamento Regional para la EnergÃ­a Sostenible, en su oficina de La CoruÃ±a. 
-Como? 
-Como sabe, es necesaria la renovaciÃ³n de...
-Espere, espere, de onde di que me chamou?
-...la renovaciÃ³n de la tarifa elÃ©ctrica...
-Desculpe... (1/2)",magago,19
137,2023-01-04 19:11:16,"ğŸ“¢Â  6 razones por las que elegir a Lidera EnergÃ­aÂ 

1ï¸âƒ£Â  #AHORRO
2ï¸âƒ£Â  ğ—–ğ—¢ğ— ğ—£ğ—˜ğ—¡ğ—¦ğ—”ğ—–ğ—œÃ“ğ—¡ ğ——ğ—˜ #EXCEDENTE
3ï¸âƒ£Â  #SOSTENIBLE
4ï¸âƒ£Â  ğ—”ğ—¦ğ—˜ğ—¦ğ—¢ğ—¥ğ—”ğ— ğ—œğ—˜ğ—¡ğ—§ğ—¢ ğ—£ğ—˜ğ—¥ğ—¦ğ—¢ğ—¡ğ—”ğ—Ÿğ—œğ—­ğ—”ğ——ğ—¢Â 
5ï¸âƒ£Â  ğ—œğ—¡ğ—¦ğ—§ğ—”ğ—Ÿğ—”ğ—–ğ—œÃ“ğ—¡ ğ—¬ #GARANTÃA
6ï¸âƒ£ #FACILIDADES

ğŸ”— https://t.co/1KNSHC0bqg https://t.co/2S76aMkDA8",LideraEnergia,19
138,2023-01-04 19:06:50,"âœ…Como usuarios, tenemos la oportunidad de construir un futuro mÃ¡s justo en la regiÃ³n a travÃ©s de las diversas formas de producir y consumir energÃ­a elÃ©ctrica y avanzar en un desarrollo mÃ¡s eficiente y #sostenible.",AdelatOficial,19
139,2023-01-04 19:02:56,La CompaÃ±Ã­a de Electricidad de BayahÃ­be pone en valor el impacto positivo que la energÃ­a limpia proporcionarÃ¡ a Isla Saona como primer paso para contribuir a un desarrollo mÃ¡s sostenible en esta Ã¡rea clave para el medioambiente https://t.co/PynLdPUWc3,amelyktavarez,19
140,2023-01-04 19:02:48,La CompaÃ±Ã­a de Electricidad de BayahÃ­be pone en valor el impacto positivo que la energÃ­a limpia proporcionarÃ¡ a Isla Saona como primer paso para contribuir a un desarrollo mÃ¡s sostenible en esta Ã¡rea clave para el medioambiente https://t.co/2nyDTbG10Y,amelyktavarez,19
141,2023-01-04 18:50:29,"Un grupo de ingenieros onubenses de Cepsa fabrica en Huelva el primer diÃ©sel 100% sostenible
Se trata de hidrobiodiÃ©sel (HBD), un combustible que producido mediante la hidrogenaciÃ³n de grasas animales y aceites vegetales. https://t.co/GM4HS4NedW vÃ­a @huelva_info",robertosantosx2,18
142,2023-01-04 18:25:13,"Mi propuesta para el futuro es la movilidad sostenible:
-Economia circular âœ…
-0 emisiones âœ…
-Energia renovable âœ…
-Inclusivo (uso con movilidad reducida)âœ…
-Compacto y simple âœ…
-Conduccion cÃ³moda y segura (patentada) âœ…
Que opina @ConcejalGanan 
@elonmusk si me lees ğŸ«¶ https://t.co/BEoQwEq7Ai",florezanfel,18
143,2023-01-04 18:14:36,HidrÃ³geno barato y sostenible mediante energÃ­a solar https://t.co/HE8E7pwTP5,TodoTiempo,18
144,2023-01-04 17:04:32,La @CEBdom pone en valor el impacto positivo que la energÃ­a limpia proporcionarÃ¡ a Isla Saona como primer paso para contribuir a un desarrollo mÃ¡s sostenible en esta Ã¡rea clave para el medioambiente.,RafaelA_Rodr,17
145,2023-01-04 16:26:05,"Un nuevo panel solar, desarrollado en la Universidad de Michigan, ha logrado una eficiencia del 9% en la conversiÃ³n de agua en hidrÃ³geno y oxÃ­geno, imitando un paso crucial en la fotosÃ­ntesis. https://t.co/TA23McI6pw",Publimetrope,16
146,2023-01-04 16:23:02,La CompaÃ±Ã­a de Electricidad de BayahÃ­be pone en valor el impacto positivo que la energÃ­a limpia proporcionarÃ¡ a Isla Saona como primer paso para contribuir a un desarrollo mÃ¡s sostenible en esta Ã¡rea clave para el medioambiente,KikeEstrella9,16
147,2023-01-04 16:20:17,HidrÃ³geno barato y sostenible mediante energÃ­a solar https://t.co/YBGqZiezgk,cienciaplus,16
148,2023-01-04 15:32:29,"@ElUniversal Al fin, ya era hora. OjalÃ¡ logren completar el  proyecto. La energÃ­a sostenible, es una buena inversiÃ³n para el paÃ­s y el planeta.ğŸŒâœ¨",Nohe5luka,15
149,2023-01-04 15:30:21,"La #EnergÃ­aRenovable cada dÃ­a demuestra su gran utilidad tanto desde el punto de vista econÃ³mico como sostenible ğŸŒ±

ğŸ“‰ Hoy apreciamos cÃ³mo la energÃ­a eÃ³lica no ha parado de reducir su coste de producciÃ³n en, prÃ¡cticamente, todas las regiones del mundo.

â„¹https://t.co/WFYoUmet7Z https://t.co/pUp14e0TCJ",ARIAEorg,15
150,2023-01-04 15:05:02,"Utiliza cartÃ³n reciclable en los paquetes, vehÃ­culos elÃ©ctricos para las entregas, tiene dos fondos de inversiÃ³n relacionados con el clima y es el mayor comprador corporativo de energÃ­a renovable del mundo.

@beatriztreceno vÃ­a #Expansioncom.
 https://t.co/BCOhtGL6lq",expansioncom,15
151,2023-01-04 15:03:07,Â¿QuÃ© piensas que aÃºn no se ha inventado y nos es muy necesario? â€” Una fuente de energÃ­a limpia y suficientemente eficiente y sostenible  https://t.co/AXDaQCmTlv,SM_Horseman,15
152,2023-01-04 14:25:33,"La @ComisionEuropea ha elegido a Tallin, la capital de @descubreestonia, como Capital Verde Europea del 2023 por su compromiso ecolÃ³gico con la energÃ­a sostenible y sus cuidadas zonas verdes.

https://t.co/JjZulsx15Y",TuGranViaje,14
153,2023-01-04 14:00:43,"ğŸ’»La ComisiÃ³n Europea calcula que en la actualidad las tecnologÃ­as digitales representan entre el 8% y el 10% de nuestro consumo de energÃ­a y entre el 2% y el 4% de emisiones de gases de efectos invernadero.
https://t.co/ZLyUce6Oao
#seguros #ODseguros https://t.co/AhtlYzimcF",AlianzaSeguro,14
154,2023-01-04 13:00:02,Hacer que la energÃ­a solar sea aÃºn mÃ¡s sostenible con tecnologÃ­a de luz https://t.co/VfAbFnPVyk a travÃ©s de @Munagropecuario,Munagropecuario,13
155,2023-01-04 12:56:54,Feliz que se estÃ¡ avanzando hacia mayor uso de energÃ­a limpia en ğŸ‡©ğŸ‡´! AquÃ­ les comparto la historia escrita por @JuliaRamirez126 @PNUDRD de los avances en Limoncitos @PPSRD @energiayminasrd @guakiambiente @ambienterd ğŸ‘‰ https://t.co/Aguq81rrLA,InkaMattila,12
156,2023-01-04 12:27:52,"El e-fuel tambiÃ©n compite en el Dakar de la mano de Astara Team. Un combustible sostenible y de futuro.

#UPIenergia #ecocombustible

https://t.co/k9PPjxRfWY @int_smartcities",upi_energia,12
157,2023-01-04 12:27:52,"El e-fuel tambiÃ©n compite en el Dakar de la mano de Astara Team. Un combustible sostenible y de futuro.

#UPIenergia #ecocombustible

https://t.co/k9PPjxRfWY @int_smartcities",upi_energia,12
158,2023-01-04 12:22:13,"El timo sostenible es evidente. Dos objetivos. Uno, reconvertir el parque motorizado para hacerlo intocable. Dos, privatizar la Movilidad como ya hicieron con ETTs, EnergÃ­a, Sanidad, Mutuas, EducaciÃ³n o lo que quieran. Lo hacen pq pueden y, aquÃ­ el quid de la cuestiÃ³n,pq tragas.",deteibols,12
159,2023-01-04 12:06:44,"@OperadorNuclear @rne @rtve @searavalero @ed_peninsula @edit_planeta @Planetadelibros Hombre, decir que la energÃ­a nuclear es sostenible cuando se basa en un recurso no renovable... No sÃ©.",J__Caz,12
160,2023-01-04 12:01:37,"""Ahorra+e GeneraciÃ³n"" es una iniciativa conjunta con nuestros accionistas que nos permite financiar nuevos proyectos de #energÃ­asrenovables con los que seguir apostando por una energÃ­a #sostenible y respetuosa con el #medioambiente ğŸƒ.

MÃ¡s informaciÃ³n â¡ï¸ https://t.co/9UBHCaBEka https://t.co/adZflA9G7b",fenieenergia,12
161,2023-01-04 11:30:19,"Si este aÃ±o quieres vivir de forma mÃ¡s sostenible y pasarte al autoconsumo

Y en Contigo EnergÃ­a nos encargamos Â¡De todo!Â 
Te contamos los pasos a seguir para conseguirlo
#ContigoEnergia #Autoconsumo #placassolares #pasos https://t.co/Ln2MHVoMWy",ContigoEnergia,11
162,2023-01-04 10:49:07,"ğŸ‡¸ğŸ‡³ Las comunas de Bambilor y Sangalkam, en #senegal beneficiarias del pryct financiado por la @GVAcooperacio continÃºan el proceso para obtener un Plan de AcciÃ³n para el #Clima  y la #Energia #Sostenible, que permitirÃ¡ hacer frente a los efectos  del #CambioClimatico . https://t.co/zfoa2y8cxX",FMusol,10
163,2023-01-04 09:58:39,"Ya estamos produciendo electricidad con energÃ­a solar #renovable ğŸŒSeguimos dando pasos hacia una economÃ­a sostenible con este y otros proyectos. #ODS 
â¡ï¸https://t.co/Hw7qeX8SqE https://t.co/YSDIvvx6IR",hospitalmesa,9
164,2023-01-04 09:56:21,#empresas La sÃ©ptima convocatoria de esta iniciativa para impulsar la industria 4.0 ha recibido mÃ¡s de 700 candidaturas de 70 paÃ­ses diferentes â€“200 de ellas son soluciones de energÃ­a sostenibleâ€“. Las 7...  #AttittudBusiness  https://t.co/aDEmyhoj8K,AttittudTalent,9
165,2023-01-04 09:54:09,"El consumo energÃ©tico de los #datacenter representa el 1% de toda la #energÃ­a consumida a nivel global, con previsiÃ³n de llegar a cerca del 8% de la demanda total de electricidad proyectada.

https://t.co/PCxp1gD95E",pepesingla,9
166,2023-01-04 09:03:19,"El prÃ³ximo 12 de enero es la final de ""Convierte Tu Idea En Un Negocio"" #ZAC Ideas en AcciÃ³n, y queremos presentaros los proyectos participantes. ""Babilonia Sostenible"" es una empresa de soluciones sostenibles: energÃ­a fotovoltaica, jardinerÃ­a, #ecologÃ­a y #sostenibilidad. https://t.co/w5YDqfEx0C",ZGZActiva,9
167,2023-01-04 07:22:00,"ENTREVISTA  |  Eduardo San NicolÃ¡s (@SoltecPower): ""La RegiÃ³n de #Murcia es uno de los lugares con mayor potencial para el desarrollo y la implantaciÃ³n de la energÃ­a solar #sostenible""

ğŸ“° En @diariolaopinion. 

https://t.co/J2IcVcOsNZ",Catedra_RSC,7
168,2023-01-04 06:00:44,"ğŸ’¯ Este 2023, la Semana Europea de la EnergÃ­a Sostenible EUSEW 2023, entre los dÃ­as 20 y 22 de junio, se celebrarÃ¡ en formato hÃ­brido.

VÃ­a ğŸ‘‰ @ESEFICIENCIA

ğŸ”— https://t.co/wIsUS3OMgZ

#SanJuanElectricidad #energiasrenovables #desarrollohumanosostenible #Agenda2030",sanjuangrupo,6
169,2023-01-04 05:20:04,Ambient demuestra en CES 2023 su tecnologÃ­a de captaciÃ³n de energÃ­a con poca luz para un IoT mÃ¡s sostenible https://t.co/iY7YZb8dLb,RaspberryPiCom,5
170,2023-01-03 23:28:38,"Desde hace varios aÃ±os, @Celsia_Energia le apuesta a una movilidad mÃ¡s sostenible, habilitando una red de carga en ğŸ‡¨ğŸ‡´ y ğŸ‡µğŸ‡¦ , impulsando proyectos como @muverang o la venta de cargadores para los hogares con @haceb.

https://t.co/rNb37c68DD

https://t.co/QqmVavUWIG https://t.co/ypWishul51",Celsia_Energia,23
171,2023-01-03 23:01:53,"En una gira por EE.UU., las organizaciones visitaron distintas ciudades y entidades lÃ­deres en la respuesta a desafÃ­os ambientales relacionados con gestiÃ³n de sistemas dulceacuÃ­colas, energÃ­a y la resiliencia ambiental al cambio climÃ¡tico https://t.co/oWjj9B3t6n https://t.co/6NyNprofVr",CodeXverde,23
172,2023-01-03 21:56:25,"Una ducha de solo cinco minutos gasta entre 95 y 190 litros ğŸš¿

Con pequeÃ±os gestos como usar perlizadores,grifos monomando o un calentador a medida, podemos llegar a ahorrar hasta un 26% de energÃ­a ğŸ˜²

Cambios que contribuyen con un futuro sostenible.

@Naturgy @NaturgyClientEs https://t.co/s590GRYY7f",MomaSoluciones,21
173,2023-01-03 21:28:12,"âš¡ï¸â™»ï¸ #Electricidad | #MedioAmbiente | #EnergÃ­a

@EDELAP__Oficial  cumple 17 aÃ±os trabajando de manera sostenible y amigable con el medio ambiente

Se superÃ³ con Ã©xito la revisiÃ³n anual del IRAM.

https://t.co/ecmUhv6I5U https://t.co/OcOB2T5uwf",diariohoynet,21
174,2023-01-03 20:45:24,"Solo queda una semana para enviar solicitudes para el Reto de Minerales Verdes de la USAID. En 2023, el Gob. de ğŸ‡ºğŸ‡¸, a travÃ©s de USAID, ha decidido trabajar para cumplir la promesa de un futuro con energÃ­a limpia, inclusiva, sostenible y justa. Â¿Te unes? ğŸ‘‰https://t.co/obL4SMrlFq https://t.co/078LofkWy5",EmbajadaUSAenRD,20
175,2023-01-03 20:34:51,"Durante la firma del contrato de concesiÃ³n definitiva, Veras resaltÃ³ que la CNE y las demÃ¡s autoridades del sector tienen el compromiso de seguir con el trabajo en favor del desarrollo sostenible del sistema elÃ©ctrico nacional.
#CNE #SomosCNE #EnergÃ­a #Renovable #EstoEsCambio https://t.co/tx3VCDf0sn",CNE_RD,20
176,2023-01-03 19:01:05,"ğŸ‘ #NatuConsejo I No precalientes el horno 

Una buena forma de ahorrar energÃ­a, ser mÃ¡s sostenible y cuidar el #medioambiente es encender el horno una vez que metemos los alimentos y apagarlo 15 minutos antes ğŸ‘‰El calor que queda terminarÃ¡ la cocciÃ³n https://t.co/xigitKO3JL",naturalezacyl,19
177,2023-01-03 18:29:04,"El Ã¡rbol de #Navidad queda preciosoâ€¦ PERO, Â¿vas a alimentarlo con energÃ­a? âš¡ï¸ğŸ„ Queremos proponerte pensar de dÃ³nde viene lo que consumimos estas navidades.  #ConsumeDentro

#EstaNavidadSÃ­Pero pÃ¡sate a energÃ­a cooperativa y sostenible. 
Â https://t.co/1pMv6sy4LN",laredopodemos,18
178,2023-01-03 18:15:03,"ğŸ“² Si quieres renovar tu mÃ³vil de manera #sostenible, te traemos la forma de comprar tecnologÃ­a con un impacto medioambiental positivo. â™»ï¸

https://t.co/Si7UVZmzod",bbva,18
179,2023-01-03 18:02:57,"Â¿Te gusta la idea de generar tu propia energÃ­a para tu #glamping , #campingdelujo , #camping , #camper con las maravillosas #placassolares?
Visita nuestro articulo para conocer mÃ¡s sobre este #accesorio sostenible tan utilizado
https://t.co/ytTyAZNfWh https://t.co/yjTvpzvkqM",glampismo,18
180,2023-01-03 18:00:30,"ğŸš™Self-Help Enterprises, el Centro de #EnergÃ­a Sostenible y SCE trabajaran juntos para incentivar a la #comunidad del #Valle de San JoaquÃ­n a usar vehÃ­culos elÃ©ctricos. 

Verifique su elegibilidad hoy: https://t.co/Uhr8p8HEzi

#california #electricvehicles #evs #evsforall https://t.co/iYLx9uhXD1",SelfHelpEnt,18
181,2023-01-03 17:45:15,"#AliadoEstratÃ©gico: En los Ãºltimo aÃ±os AES El Salvador ha realizado una importante inversiÃ³n en fuentes de generaciÃ³n renovable, asÃ­ como en la implementaciÃ³n de tecnologÃ­as para hacer un uso eficiente de la energÃ­a. https://t.co/VLDbCDW4cA",VidayExitorev,17
182,2023-01-03 17:00:12,"ğŸ‘‰ VÃ­a @VidayExitorev: ""En los Ãºltimos aÃ±os, AES El Salvador ha realizado una importante apuesta por incrementar sus fuentes de generaciÃ³n renovable""

Leer artÃ­culo completo: https://t.co/JhztmCEcot",AESElSalvador,17
183,2023-01-03 17:00:12,"ğŸ‘‰ VÃ­a @VidayExitorev: ""En los Ãºltimos aÃ±os, AES El Salvador ha realizado una importante apuesta por incrementar sus fuentes de generaciÃ³n renovable""

Leer artÃ­culo completo: https://t.co/JhztmCEcot",AESElSalvador,17
184,2023-01-03 16:00:31,"#Andalucia ya produce mÃ¡s del 54% de energÃ­a elÃ©ctrica con fuentes renovables

La regiÃ³n generÃ³ en 2021 un 14,3% mÃ¡s de electricidad mediante generaciÃ³n sostenible en comparaciÃ³n con el aÃ±o anterior, hasta los 17.172,7 GWh https://t.co/jolbum7qDO",AndresCanoESP,16
185,2023-01-03 15:53:52,"Este nuevo medio de transporte sostenible estarÃ­a listo para su comercializaciÃ³n a partir del prÃ³ximo aÃ±o. https://t.co/LZCCs6iwyt 

#TecnologÃ­a #CarroElÃ©ctrico #Lightyear0 #Futuria",Futuriadigital,15
186,2023-01-03 15:47:28,"AdemÃ¡s se puso foco en en las infraestructuras de energÃ­a, transporte y telecomunicaciones, agua y saneamiento, ambiente y cambio climÃ¡tico, educaciÃ³n y digitalizaciÃ³n. Las aprobaciones contribuirÃ¡n de forma directa a varios de los Objetivos de Desarrollo de Sostenible (ODS).",forbesargentina,15
187,2023-01-03 15:31:16,"Siendo el agua potable uno de los Objetivos de Desarrollo Sostenible de la agenda 2030 y un derecho fundamental, desde el Ministerio de Agua y EnergÃ­a se trabaja para garantizar que el agua de red que llega a cada hogar sea segura y de calidad.  https://t.co/OeWsCQCFjl",NuevaRioja,15
188,2023-01-03 14:41:16,"@CarlosOAlbornoz Y en Margarita sin agua y sin luz electrica. Asi no es sostenible el turismo en el tiempo. Deberian de aprovechar e invertir en energia eolica y solar que hay bastante en la isla. Y ademas instalar una planta desalinizadora. Asi, si",adrianamassiani,14
189,2023-01-03 14:16:38,"ğŸ“‘Puedes consultar las bases reguladoras y la convocatoria de las subvenciones de los tres primeros programas de ayudas del Gobierno de Canarias y su Estrategia de EnergÃ­a Sostenible en las #IslasCanarias.

â¡ï¸En nuestra web tenemos toda la informaciÃ³n https://t.co/32mELmXwS1 https://t.co/CO7OIcIDUm",EnergiaGran,14
190,2023-01-03 14:16:38,"ğŸ“‘Puedes consultar las bases reguladoras y la convocatoria de las subvenciones de los tres primeros programas de ayudas del Gobierno de Canarias y su Estrategia de EnergÃ­a Sostenible en las #IslasCanarias.

â¡ï¸En nuestra web tenemos toda la informaciÃ³n https://t.co/32mELmXwS1 https://t.co/CO7OIcIDUm",EnergiaGran,14
191,2023-01-03 14:12:11,"Â¡No te lo pierdas! Hazte con tu entrada en https://t.co/ajf5gkn3kc y apuesta por un modelo socioeconÃ³mico insular mÃ¡s sostenible.  ğŸ™ŒğŸŒ±

#ForoInternacionalEcoislas #Sostenibilidad #EnergÃ­a #Movilidad #TurismoRegenerativo #EconomiaCircular #CambioClimatico #RecintoFerial https://t.co/E4tJ8HyEma",infecar,14
192,2023-01-03 13:34:41,"La app Wiser simplifica la mediciÃ³n y el control de la energÃ­a domÃ©stica para aumentar la eficiencia, ahorrar en las facturas de energÃ­a y permitir a los propietarios vivir de forma mÃ¡s sostenible.
https://t.co/avhr4f2wWR",entreprenerdcl,13
193,2023-01-03 13:33:06,@petrogustavo El 80% de nuestra matriz energÃ©tica es sostenible y unos de los paÃ­ses mÃ¡s limpios del mundo en la producciÃ³n de energÃ­a. Porque acabar la economÃ­a del paÃ­s para un objetivo que en pocas palabras ya se ha logrado ?.,OmarRueda02,13
194,2023-01-03 12:56:41,"En CafÃ© Plus estuvo presente Kim SÃ¡nchez, LÃ­der de nuevos negocios en Vestas para LatinoamÃ©rica, empresa lÃ­der en soluciones de energÃ­a sostenible que principalmente diseÃ±a, fabrica, instala y brinda servicio a turbinas eÃ³licas en todo el mundo.
https://t.co/92E0rsUnrI",txsplus,12
195,2023-01-03 12:49:00,"Uno de los retos del ODS 7: â€œGarantizar el acceso a una energÃ­a asequible, segura, sostenible y modernaâ€ es duplicar para el 2030 la tasa mundial de mejora de la eficiencia energÃ©tica. 

Â¿CÃ³mo puede mi entidad contribuir a la eficiencia energÃ©tica? Te lo contamos en este hilo ğŸ‘‡ https://t.co/gsyMeDdQIZ",somosutopia,12
196,2023-01-03 12:06:58,"ğŸ’¡ #AndalucÃ­a ya produce mÃ¡s del 54% de energÃ­a elÃ©ctrica con renovables â™»ï¸

ğŸ”‹ GenerÃ³ en 2021 un 14,3% mÃ¡s de electricidad mediante generaciÃ³n sostenible, hasta los 17.172,7 GWh

â˜€ï¸ La fotovoltaica ha crecido un 47,5%â•que el aÃ±o anterior

â¡ï¸ https://t.co/8z0CoHFFdt âœ…",IndustriaAnd,12
197,2023-01-03 11:54:39,"Cada vez bajan mÃ¡s las #temperaturas y, por ende, pasamos mÃ¡s horas en casa y gastamos mÃ¡s #energÃ­a.

https://t.co/2RAGPLInpd

#eficienciaenergÃ©tica #climatitaciÃ³n #sostenible https://t.co/IQeijSDpcu",TecIcelan,11
198,2023-01-03 11:50:00,"ğŸŸ¢ #AndalucÃ­a generÃ³ en 2021 un 14,3% mÃ¡s de electricidad de forma sostenible respecto al aÃ±o anterior.

â™» Con esta producciÃ³n renovable ya se abastece mÃ¡s de la mitad de la demanda de energÃ­a elÃ©ctrica de la regiÃ³n. âœ… https://t.co/j2QCkLo50q",AndaluciaJunta,11
199,2023-01-03 11:50:00,"ğŸŸ¢ #AndalucÃ­a generÃ³ en 2021 un 14,3% mÃ¡s de electricidad de forma sostenible respecto al aÃ±o anterior.

â™» Con esta producciÃ³n renovable ya se abastece mÃ¡s de la mitad de la demanda de energÃ­a elÃ©ctrica de la regiÃ³n. âœ… https://t.co/j2QCkLo50q",AndaluciaJunta,11
200,2023-01-03 11:45:51,"Muy muy pronto tendrÃ¡s disponible en PDF y en papel el nÃºmero 47 de Ciudad Sostenible. En esta ocasiÃ³n miramos hacia la salud y las ciudades, ademÃ¡s de otros muchos temas de movilidad, economÃ­a circular, energÃ­a, planificaciÃ³n, agendas urbanas... https://t.co/EoGHJyrR1d",ciudadS,11
201,2023-01-03 11:30:18,"Â¡Ya estamos en 2023!Â 
Y en Contigo EnergÃ­a te animamos a que uno de tus propÃ³sitos de este nuevo aÃ±o sea vivir de una manera mÃ¡s sostenible.

Â¡PÃ¡sate al autoconsumo!
Y convierte tu vivienda en un hogar sostenible
https://t.co/BB37McdT3Z https://t.co/v5dhZDo1eP",ContigoEnergia,11
202,2023-01-03 09:01:47,"Estos edificios son puro futuro: se han hecho con materiales sostenibles, ahorran energÃ­a (incluso la producen) y aprovechan al mÃ¡ximo la presencia de las plantas.  DiseÃ±o sostenible: 20 novedades en muebles y arquitect...  https://t.co/lBKVKCl622",Nuevo_Estilo,9
203,2023-01-03 08:22:49,"Â¡Empezamos el aÃ±o llenos de energÃ­a sostenible! ğŸŒ±Genera energÃ­a 100% verde instalando placas solares en tu casa o en tu empresa. 

#energÃ­a #luzverde #ahorro #sostenibilidad #medioambiente https://t.co/TiYZMRVduO",SampolEnergia,8
